{"width":3878,"height":3059,"horizons":[{"count":1,"theta":1.5707963267949,"theta_sum":1.5707963267949,"r":530,"r_sum":530}],"verticles":[{"count":2,"theta":0,"theta_sum":0,"r":998.5,"r_sum":1997}],"cross_points":[[[1935,1025]]]}