{"width":3519,"height":2495,"horizons":[{"count":1,"theta":1.5707963267949,"theta_sum":1.5707963267949,"r":1396,"r_sum":1396}],"verticles":[{"count":1,"theta":0,"theta_sum":0,"r":1000,"r_sum":1000}],"cross_points":[[[1759,2456]]]}